[
    {
        "order_id": 1,
        "date": "2021-02-24",
        "status": "Building",
        "delivery_address": "Lalitpur",
        "order_details": {
            "modal_name": "Cup.sldprt",
            "fabrication_process": "3D Printing",
            "material": "Platic",
            "thickness": "10mm",
            "quantity": "10",
            "amount": "Rs. 1000"
        }
    },
    {
        "order_id": 2,
        "date": "2020-03-24",
        "status": "Pending",
        "delivery_address": "Kathmandu",
        "order_details": {
            "modal_name": "Mug.sldprt",
            "fabrication_process": "3D Modelling",
            "material": "Polymer",
            "thickness": "50mm",
            "quantity": "15",
            "amount": "Rs. 9000"
        }
    },
    {
        "order_id": 3,
        "date": "2020-10-24",
        "status": "Pending",
        "delivery_address": "Bhaktapur",
        "order_details": {
            "modal_name": "Mug.sldprt",
            "fabrication_process": "3D Modelling",
            "material": "Polymer",
            "thickness": "50mm",
            "quantity": "25",
            "amount": "Rs. 15000"
        }
    }
]